product_id,product_name,category,unit_price,unit_cost
P-00001,Repisa Chan Chan,organizacion,80.28,39.55
P-00002,Bandeja Barranco,organizacion,97.26,43.68
P-00003,Bandeja Chan Chan,organizacion,54.03,26.38
P-00004,Marco Moche,cocina_electro,209.95,142.44
P-00005,Mesa Paracas,decoracion,37.83,17.55
P-00006,Olla Barranco,textiles_hogar,141.41,71.84
P-00007,Florero Sillar,menaje,65.38,37.12
P-00008,Estante Lima,menaje,66.8,34.4
P-00009,Mantel Kuelap,decoracion,20.58,10.67
P-00010,Organizador Moche,decoracion,34.22,15.79
P-00011,Florero Moche,organizacion,38.87,18.45
P-00012,Mantel Lima,textiles_hogar,59.45,30.42
P-00013,Lampara Barranco,menaje,137.91,76.2
P-00014,Vajilla Andes,organizacion,34.68,17.03
P-00015,Olla Miraflores,menaje,219.47,133.23
P-00016,Espejo Cusco,decoracion,25.34,11.25
P-00017,Repisa Tumbes,muebles,464.89,312.99
P-00018,Estante Kuelap,muebles,268.9,181.38
P-00019,Tetera Colca,organizacion,52.97,24.46
P-00020,Lampara Barranco,menaje,56.95,33.27
P-00021,Tetera Chan Chan,menaje,77.26,39.82
P-00022,Cojin Cusco,decoracion,60.04,27.45
P-00023,Organizador Andes,iluminacion,164.39,91.57
P-00024,Marco Nazca,cocina_electro,291.44,197.56
P-00025,Espejo Chan Chan,decoracion,33.24,16.2
P-00026,Olla Moche,organizacion,57.25,30.64
P-00027,Silla Chan Chan,organizacion,116.95,55.21
P-00028,Mesa Cusco,decoracion,44.88,20.67
P-00029,Olla Sillar,organizacion,95.5,45.99
P-00030,Organizador Lima,textiles_hogar,161.16,83.43
P-00031,Repisa Nazca,muebles,408.47,262.84
P-00032,Repisa Paracas,decoracion,49.31,23.43
P-00033,Cesta Lima,cocina_electro,226.69,161.5
P-00034,Olla Kuelap,menaje,145.91,82.65
P-00035,Set Andes,iluminacion,138.53,76.95
P-00036,Cortina Kuelap,textiles_hogar,125.31,67.93
P-00037,Bandeja Lima,iluminacion,110.76,63.07
P-00038,Olla Barranco,organizacion,32.06,14.97
P-00039,Vajilla Kuelap,textiles_hogar,293.14,158.68
P-00040,Lampara Colca,menaje,107.05,57.79
P-00041,Organizador Colca,organizacion,70.42,31.69
P-00042,Espejo Tumbes,menaje,109.01,55.56
P-00043,Florero Moche,decoracion,33.27,15.42
P-00044,Cesta Tumbes,iluminacion,99.04,52.83
P-00045,Cojin Chan Chan,textiles_hogar,93.51,48.67
P-00046,Repisa Kuelap,cocina_electro,130.27,92.25
P-00047,Repisa Moche,menaje,80.05,43.7
P-00048,Silla Moche,iluminacion,230.06,116.0
P-00049,Cesta Sillar,textiles_hogar,170.51,83.81
P-00050,Olla Kuelap,menaje,28.46,16.65
P-00051,Organizador Colca,iluminacion,81.15,42.89
P-00052,Espejo Miraflores,decoracion,66.78,31.45
P-00053,Mantel Barranco,cocina_electro,650.56,429.97
P-00054,Lampara Paracas,iluminacion,153.25,78.21
P-00055,Olla Miraflores,iluminacion,151.92,81.12
P-00056,Juego Andes,muebles,766.46,523.31
P-00057,Lampara Miraflores,organizacion,107.07,57.84
P-00058,Lampara Chan Chan,organizacion,57.53,28.83
P-00059,Silla Paracas,iluminacion,58.21,32.53
P-00060,Cortina Colca,menaje,103.2,55.27
P-00061,Juego Chan Chan,muebles,258.23,168.48
P-00062,Espejo Lima,textiles_hogar,120.99,62.48
P-00063,Alfombra Kuelap,menaje,92.75,50.38
P-00064,Espejo Cusco,iluminacion,148.79,75.67
P-00065,Lampara Tumbes,organizacion,48.24,24.86
P-00066,Vajilla Moche,textiles_hogar,166.02,89.92
P-00067,Florero Colca,menaje,60.82,33.57
P-00068,Espejo Miraflores,decoracion,95.55,44.49
P-00069,Vajilla Nazca,decoracion,51.39,24.64
P-00070,Florero Chan Chan,menaje,179.38,93.36
P-00071,Mantel Nazca,iluminacion,82.04,44.16
P-00072,Set Paracas,organizacion,62.26,29.39
P-00073,Cortina Cusco,decoracion,92.85,44.86
P-00074,Tetera Nazca,textiles_hogar,131.1,64.77
P-00075,Estante Nazca,decoracion,42.95,21.38
P-00076,Vajilla Paracas,menaje,86.39,45.34
P-00077,Cojin Moche,textiles_hogar,56.89,28.75
P-00078,Bandeja Chan Chan,organizacion,42.99,19.45
P-00079,Lampara Moche,menaje,38.9,21.28
P-00080,Cesta Colca,iluminacion,100.99,53.27
P-00081,Florero Sillar,decoracion,102.76,46.2
P-00082,Juego Kuelap,decoracion,103.37,45.28
P-00083,Mantel Moche,textiles_hogar,340.93,178.62
P-00084,Marco Sillar,muebles,269.08,164.94
P-00085,Juego Colca,muebles,371.3,277.59
P-00086,Silla Chan Chan,decoracion,72.15,30.61
P-00087,Estante Paracas,textiles_hogar,43.9,21.58
P-00088,Florero Miraflores,organizacion,79.31,36.51
P-00089,Lampara Chan Chan,textiles_hogar,73.47,38.6
P-00090,Cortina Nazca,iluminacion,168.01,84.76
P-00091,Espejo Paracas,textiles_hogar,56.2,28.77
P-00092,Cojin Colca,cocina_electro,244.94,173.45
P-00093,Mantel Barranco,decoracion,40.52,18.62
P-00094,Cortina Chan Chan,menaje,68.52,38.46
P-00095,Repisa Nazca,menaje,43.67,24.28
P-00096,Mantel Lima,decoracion,34.81,17.16
P-00097,Espejo Kuelap,decoracion,40.98,18.51
P-00098,Tetera Andes,textiles_hogar,94.61,47.44
P-00099,Cortina Andes,menaje,18.65,10.68
P-00100,Estante Colca,menaje,139.58,72.25
P-00101,Set Andes,decoracion,42.84,20.06
P-00102,Cesta Nazca,decoracion,38.16,18.33
P-00103,Silla Andes,decoracion,45.87,20.45
P-00104,Bandeja Colca,iluminacion,213.04,119.37
P-00105,Olla Barranco,decoracion,22.68,11.34
P-00106,Tetera Barranco,menaje,85.98,47.77
P-00107,Set Barranco,decoracion,22.73,11.43
P-00108,Alfombra Lima,menaje,38.84,21.01
P-00109,Olla Moche,decoracion,78.38,37.66
P-00110,Cesta Moche,textiles_hogar,243.57,111.63
P-00111,Repisa Cusco,decoracion,39.09,17.71
P-00112,Tetera Sillar,decoracion,72.72,32.72
P-00113,Vajilla Lima,menaje,49.5,28.09
P-00114,Mesa Lima,textiles_hogar,108.21,56.94
P-00115,Alfombra Miraflores,iluminacion,209.69,112.55
P-00116,Marco Nazca,textiles_hogar,92.58,49.95
P-00117,Silla Lima,organizacion,48.53,24.86
P-00118,Set Chan Chan,organizacion,67.02,34.53
P-00119,Repisa Lima,organizacion,92.0,41.8
P-00120,Tetera Tumbes,menaje,82.5,43.32
P-00121,Cesta Chan Chan,textiles_hogar,155.24,77.28
P-00122,Juego Nazca,menaje,35.32,18.37
P-00123,Marco Sillar,organizacion,47.11,24.13
P-00124,Mesa Tumbes,organizacion,51.63,27.29
P-00125,Organizador Barranco,decoracion,88.52,41.28
P-00126,Cojin Andes,organizacion,44.19,22.2
P-00127,Estante Cusco,organizacion,70.68,33.62
P-00128,Marco Andes,cocina_electro,321.93,218.84
P-00129,Cesta Miraflores,organizacion,68.77,34.77
P-00130,Organizador Nazca,iluminacion,135.13,76.79
P-00131,Organizador Kuelap,iluminacion,89.13,45.06
P-00132,Silla Paracas,decoracion,49.8,22.66
P-00133,Organizador Miraflores,organizacion,126.24,61.3
P-00134,Lampara Tumbes,menaje,72.38,37.92
P-00135,Vajilla Tumbes,textiles_hogar,66.61,33.37
P-00136,Cortina Chan Chan,menaje,74.51,39.48
P-00137,Juego Colca,menaje,87.48,47.41
P-00138,Alfombra Miraflores,muebles,289.44,177.36
P-00139,Set Tumbes,menaje,133.81,78.37
P-00140,Marco Kuelap,iluminacion,102.91,56.54
P-00141,Mesa Sillar,muebles,322.4,226.33
P-00142,Estante Miraflores,decoracion,20.64,9.85
P-00143,Olla Cusco,menaje,84.54,48.98
P-00144,Olla Tumbes,iluminacion,237.69,122.13
P-00145,Espejo Colca,iluminacion,281.26,159.06
P-00146,Bandeja Nazca,cocina_electro,542.01,375.07
P-00147,Organizador Cusco,decoracion,51.83,26.63
P-00148,Bandeja Cusco,textiles_hogar,196.38,93.66
P-00149,Silla Andes,organizacion,69.99,33.37
P-00150,Cortina Andes,decoracion,56.68,27.22
P-00151,Mantel Andes,textiles_hogar,73.13,38.58
P-00152,Marco Tumbes,organizacion,88.4,43.95
P-00153,Organizador Moche,decoracion,47.72,22.37
P-00154,Florero Moche,textiles_hogar,63.87,34.41
P-00155,Espejo Moche,menaje,202.27,105.61
P-00156,Juego Lima,iluminacion,92.37,52.24
P-00157,Florero Chan Chan,muebles,414.11,253.27
P-00158,Repisa Lima,decoracion,80.27,35.21
P-00159,Silla Nazca,iluminacion,115.35,58.03
P-00160,Tetera Colca,iluminacion,144.5,76.9
P-00161,Cesta Miraflores,menaje,71.78,37.18
P-00162,Cesta Nazca,organizacion,44.0,19.64
P-00163,Set Cusco,decoracion,32.31,15.81
P-00164,Mantel Andes,decoracion,52.23,23.59
P-00165,Juego Nazca,decoracion,27.02,12.9
P-00166,Repisa Kuelap,decoracion,77.18,31.48
P-00167,Tetera Cusco,muebles,434.5,283.46
P-00168,Silla Sillar,menaje,134.45,77.69
P-00169,Set Paracas,menaje,97.99,47.76
P-00170,Espejo Nazca,organizacion,143.14,73.38
P-00171,Cesta Moche,muebles,253.15,157.1
P-00172,Estante Andes,textiles_hogar,121.29,62.78
P-00173,Organizador Cusco,textiles_hogar,118.83,61.28
P-00174,Organizador Cusco,textiles_hogar,85.14,46.07
P-00175,Organizador Colca,decoracion,75.48,31.96
P-00176,Silla Paracas,cocina_electro,287.74,197.02
P-00177,Mesa Colca,decoracion,34.29,16.23
P-00178,Vajilla Sillar,iluminacion,110.79,54.96
P-00179,Organizador Miraflores,textiles_hogar,113.24,59.86
P-00180,Mesa Cusco,cocina_electro,528.02,399.86
P-00181,Organizador Sillar,decoracion,43.75,21.92
P-00182,Lampara Miraflores,menaje,24.05,12.72
P-00183,Mantel Kuelap,textiles_hogar,176.98,90.37
P-00184,Olla Kuelap,muebles,510.08,324.15
P-00185,Florero Cusco,organizacion,76.75,36.46
P-00186,Vajilla Moche,organizacion,75.77,37.4
P-00187,Alfombra Cusco,organizacion,66.1,32.46
P-00188,Cortina Andes,organizacion,101.87,54.91
P-00189,Set Cusco,textiles_hogar,110.77,55.84
P-00190,Olla Barranco,menaje,112.43,64.63
P-00191,Silla Miraflores,textiles_hogar,99.92,53.04
P-00192,Cesta Sillar,decoracion,35.01,17.86
P-00193,Organizador Tumbes,muebles,271.39,181.44
P-00194,Organizador Paracas,muebles,288.62,188.26
P-00195,Espejo Sillar,organizacion,35.67,17.89
P-00196,Mesa Colca,decoracion,35.89,16.21
P-00197,Cesta Cusco,cocina_electro,190.55,129.03
P-00198,Mantel Paracas,decoracion,69.4,30.04
P-00199,Set Sillar,muebles,387.79,278.89
P-00200,Cojin Miraflores,textiles_hogar,47.81,25.35
P-00201,Olla Sillar,organizacion,121.63,60.94
P-00202,Repisa Sillar,iluminacion,94.52,55.39
P-00203,Cesta Andes,textiles_hogar,108.87,53.33
P-00204,Cojin Barranco,textiles_hogar,129.32,73.96
P-00205,Lampara Nazca,organizacion,30.91,14.64
P-00206,Set Andes,menaje,107.97,60.36
P-00207,Florero Miraflores,organizacion,48.92,25.29
P-00208,Juego Tumbes,textiles_hogar,104.59,58.33
P-00209,Olla Nazca,organizacion,110.9,50.01
P-00210,Repisa Tumbes,menaje,83.72,44.36
P-00211,Florero Nazca,decoracion,40.28,19.21
P-00212,Olla Barranco,menaje,118.47,65.18
P-00213,Tetera Andes,menaje,73.15,38.82
P-00214,Florero Sillar,menaje,143.29,68.35
P-00215,Juego Moche,textiles_hogar,63.77,37.46
P-00216,Espejo Andes,organizacion,101.36,51.78
P-00217,Organizador Miraflores,organizacion,56.7,27.49
P-00218,Mesa Moche,decoracion,78.93,33.92
P-00219,Silla Moche,organizacion,30.68,13.76
P-00220,Lampara Moche,textiles_hogar,47.66,28.21
P-00221,Lampara Tumbes,cocina_electro,242.72,159.98
P-00222,Set Kuelap,decoracion,57.09,28.34
P-00223,Olla Moche,decoracion,84.49,37.58
P-00224,Mantel Tumbes,organizacion,53.63,28.24
P-00225,Alfombra Cusco,textiles_hogar,123.68,63.52
P-00226,Tetera Moche,cocina_electro,179.08,124.61
P-00227,Silla Colca,organizacion,120.01,60.82
P-00228,Cortina Cusco,textiles_hogar,77.26,40.09
P-00229,Estante Tumbes,organizacion,48.3,24.34
P-00230,Mesa Nazca,organizacion,104.35,54.98
P-00231,Cortina Lima,decoracion,76.79,39.5
P-00232,Bandeja Andes,decoracion,42.47,19.19
P-00233,Vajilla Moche,decoracion,54.83,24.28
P-00234,Olla Tumbes,decoracion,22.61,10.86
P-00235,Tetera Miraflores,cocina_electro,176.96,124.69
P-00236,Silla Nazca,organizacion,55.54,25.81
P-00237,Set Sillar,menaje,318.29,175.31
P-00238,Bandeja Moche,decoracion,59.65,27.75
P-00239,Mantel Miraflores,iluminacion,136.66,69.77
P-00240,Bandeja Cusco,menaje,119.36,60.47
P-00241,Silla Andes,organizacion,66.8,31.37
P-00242,Alfombra Moche,menaje,67.5,39.79
P-00243,Organizador Miraflores,textiles_hogar,105.65,54.76
P-00244,Organizador Barranco,decoracion,38.71,18.71
P-00245,Lampara Chan Chan,decoracion,55.8,28.65
P-00246,Juego Moche,muebles,192.76,123.02
P-00247,Organizador Cusco,menaje,70.91,40.07
P-00248,Mantel Chan Chan,menaje,117.77,58.86
P-00249,Mesa Paracas,cocina_electro,158.54,105.59
P-00250,Espejo Cusco,textiles_hogar,91.84,47.18
P-00251,Silla Paracas,cocina_electro,262.93,179.51
P-00252,Mesa Chan Chan,menaje,104.74,54.19
P-00253,Estante Colca,menaje,143.8,78.41
P-00254,Tetera Kuelap,textiles_hogar,98.55,48.83
P-00255,Marco Kuelap,textiles_hogar,91.22,53.06
P-00256,Mesa Chan Chan,menaje,100.64,53.75
P-00257,Vajilla Kuelap,decoracion,48.05,22.38
P-00258,Tetera Kuelap,decoracion,82.57,38.95
P-00259,Repisa Andes,menaje,263.78,131.6
P-00260,Olla Sillar,iluminacion,59.15,31.88
P-00261,Alfombra Miraflores,textiles_hogar,164.68,87.17
P-00262,Vajilla Sillar,organizacion,179.96,87.57
P-00263,Repisa Tumbes,decoracion,37.75,16.88
P-00264,Organizador Colca,decoracion,135.98,65.11
P-00265,Vajilla Sillar,decoracion,64.19,28.1
P-00266,Cojin Paracas,decoracion,97.82,44.83
P-00267,Silla Lima,menaje,84.75,44.82
P-00268,Mantel Chan Chan,decoracion,59.43,28.1
P-00269,Mantel Moche,textiles_hogar,145.64,85.2
P-00270,Cesta Moche,muebles,744.3,519.31
P-00271,Alfombra Colca,organizacion,57.0,29.11
P-00272,Alfombra Barranco,iluminacion,123.45,69.02
P-00273,Olla Colca,iluminacion,148.73,83.1
P-00274,Bandeja Nazca,organizacion,183.53,86.34
P-00275,Repisa Barranco,organizacion,48.84,22.3
P-00276,Marco Tumbes,cocina_electro,358.54,254.46
P-00277,Cortina Miraflores,decoracion,160.74,77.99
P-00278,Mantel Nazca,decoracion,67.26,31.5
P-00279,Estante Nazca,organizacion,40.01,20.08
P-00280,Juego Kuelap,textiles_hogar,280.19,135.05
P-00281,Set Sillar,organizacion,59.24,27.55
P-00282,Cojin Miraflores,textiles_hogar,143.31,70.5
P-00283,Vajilla Colca,organizacion,61.38,28.37
P-00284,Juego Tumbes,decoracion,130.49,63.01
P-00285,Lampara Tumbes,menaje,56.21,31.23
P-00286,Estante Sillar,decoracion,68.99,30.31
P-00287,Lampara Lima,textiles_hogar,201.06,107.4
P-00288,Silla Andes,textiles_hogar,118.11,62.79
P-00289,Vajilla Moche,menaje,45.36,25.1
P-00290,Mantel Barranco,decoracion,44.14,19.69
P-00291,Espejo Nazca,menaje,119.9,67.21
P-00292,Olla Barranco,menaje,56.5,31.02
P-00293,Silla Cusco,iluminacion,202.12,104.75
P-00294,Cojin Sillar,menaje,27.57,14.96
P-00295,Marco Tumbes,decoracion,68.89,30.88
P-00296,Lampara Colca,iluminacion,122.21,64.51
P-00297,Mantel Barranco,menaje,53.77,30.65
P-00298,Alfombra Nazca,textiles_hogar,54.13,29.86
P-00299,Olla Miraflores,textiles_hogar,155.56,84.38
P-00300,Marco Andes,organizacion,62.36,30.35
P-00301,Olla Cusco,decoracion,67.88,30.77
P-00302,Tetera Kuelap,decoracion,66.17,30.25
P-00303,Cojin Cusco,menaje,103.17,55.14
P-00304,Olla Sillar,menaje,83.39,44.31
P-00305,Florero Miraflores,decoracion,129.85,57.07
P-00306,Set Moche,muebles,466.21,347.03
P-00307,Juego Andes,menaje,89.88,50.52
P-00308,Bandeja Moche,decoracion,44.41,20.6
P-00309,Mesa Colca,organizacion,160.4,75.34
P-00310,Florero Moche,decoracion,101.74,44.85
P-00311,Set Miraflores,muebles,383.0,258.47
P-00312,Mantel Colca,textiles_hogar,113.46,59.88
P-00313,Organizador Miraflores,textiles_hogar,109.93,54.71
P-00314,Mesa Nazca,menaje,73.44,39.95
P-00315,Florero Colca,organizacion,74.69,37.7
P-00316,Cortina Colca,decoracion,67.24,32.4
P-00317,Espejo Kuelap,organizacion,123.68,65.57
P-00318,Alfombra Colca,decoracion,83.14,37.38
P-00319,Juego Tumbes,textiles_hogar,123.58,69.43
P-00320,Bandeja Cusco,cocina_electro,255.33,192.87
P-00321,Tetera Kuelap,cocina_electro,192.02,134.15
P-00322,Alfombra Cusco,iluminacion,179.01,91.45
P-00323,Bandeja Paracas,muebles,455.45,298.46
P-00324,Espejo Miraflores,menaje,82.75,43.71
P-00325,Bandeja Sillar,textiles_hogar,146.43,71.08
P-00326,Olla Colca,muebles,609.46,398.19
P-00327,Vajilla Cusco,textiles_hogar,143.63,73.74
P-00328,Espejo Chan Chan,decoracion,191.87,92.1
P-00329,Florero Chan Chan,decoracion,83.51,39.18
P-00330,Florero Tumbes,organizacion,47.54,25.89
P-00331,Set Paracas,muebles,679.24,457.7
P-00332,Organizador Sillar,textiles_hogar,227.69,131.41
P-00333,Alfombra Cusco,menaje,59.11,32.08
P-00334,Alfombra Miraflores,cocina_electro,235.79,156.72
P-00335,Repisa Andes,decoracion,49.6,22.05
P-00336,Florero Barranco,organizacion,67.99,32.76
P-00337,Repisa Nazca,decoracion,50.05,23.29
P-00338,Tetera Lima,organizacion,103.83,52.42
P-00339,Mantel Miraflores,textiles_hogar,129.85,70.36
P-00340,Marco Paracas,decoracion,99.39,44.94
P-00341,Organizador Barranco,textiles_hogar,77.9,40.51
P-00342,Estante Cusco,decoracion,78.61,39.96
P-00343,Estante Miraflores,textiles_hogar,99.41,49.56
P-00344,Lampara Kuelap,decoracion,30.97,13.82
P-00345,Olla Barranco,organizacion,54.81,26.24
P-00346,Silla Cusco,menaje,135.19,66.63
P-00347,Cortina Sillar,organizacion,168.87,75.12
P-00348,Mantel Andes,textiles_hogar,41.77,22.02
P-00349,Alfombra Cusco,decoracion,58.4,23.62
P-00350,Olla Kuelap,organizacion,26.92,12.43
P-00351,Olla Chan Chan,menaje,183.78,99.92
P-00352,Olla Tumbes,decoracion,80.4,39.0
P-00353,Organizador Sillar,organizacion,33.72,15.77
P-00354,Mesa Kuelap,decoracion,28.09,13.8
P-00355,Cesta Colca,menaje,29.51,16.82
P-00356,Tetera Colca,menaje,152.41,80.29
P-00357,Cojin Kuelap,iluminacion,177.72,92.61
P-00358,Mantel Sillar,menaje,59.72,31.21
P-00359,Set Sillar,cocina_electro,529.56,373.66
P-00360,Marco Kuelap,menaje,100.56,59.22
P-00361,Cesta Nazca,textiles_hogar,89.88,46.28
P-00362,Set Colca,organizacion,44.48,22.45
P-00363,Bandeja Barranco,textiles_hogar,81.21,41.3
P-00364,Repisa Miraflores,decoracion,61.24,30.26
P-00365,Silla Sillar,menaje,156.85,83.17
P-00366,Espejo Cusco,organizacion,76.39,37.52
P-00367,Vajilla Paracas,menaje,134.82,79.45
P-00368,Mantel Nazca,textiles_hogar,80.18,41.39
P-00369,Espejo Miraflores,decoracion,52.12,22.56
P-00370,Vajilla Moche,menaje,100.03,50.94
P-00371,Cesta Tumbes,iluminacion,113.12,62.04
P-00372,Set Tumbes,muebles,391.42,258.03
P-00373,Lampara Paracas,menaje,130.45,66.63
P-00374,Mantel Andes,iluminacion,264.84,146.41
P-00375,Juego Cusco,decoracion,57.36,26.48
P-00376,Repisa Chan Chan,menaje,106.1,58.52
P-00377,Silla Kuelap,decoracion,131.76,60.92
P-00378,Cesta Andes,textiles_hogar,101.8,52.03
P-00379,Lampara Tumbes,organizacion,46.49,24.08
P-00380,Lampara Paracas,textiles_hogar,249.49,124.6
P-00381,Florero Sillar,menaje,85.23,46.08
P-00382,Florero Lima,decoracion,83.35,41.05
P-00383,Olla Cusco,menaje,86.23,43.02
P-00384,Organizador Andes,menaje,77.36,42.42
P-00385,Set Chan Chan,textiles_hogar,110.42,62.4
P-00386,Lampara Miraflores,menaje,51.82,25.29
P-00387,Mesa Colca,menaje,127.9,66.77
P-00388,Juego Lima,muebles,216.19,134.69
P-00389,Organizador Lima,cocina_electro,199.2,142.14
P-00390,Lampara Cusco,decoracion,38.56,18.74
P-00391,Organizador Colca,textiles_hogar,155.69,76.66
P-00392,Mesa Cusco,decoracion,37.17,15.91
P-00393,Cojin Lima,muebles,438.56,286.18
P-00394,Mesa Lima,muebles,606.92,414.2
P-00395,Olla Tumbes,muebles,267.59,173.37
P-00396,Espejo Chan Chan,muebles,228.86,147.19
P-00397,Espejo Colca,menaje,63.36,35.01
P-00398,Vajilla Miraflores,textiles_hogar,64.8,36.52
P-00399,Cojin Paracas,textiles_hogar,193.05,98.67
P-00400,Olla Colca,decoracion,43.37,21.38
